Id,N,SR,spsList,threatCR,threatEN,threatVU,threatenedNumber,threatenedProportion,areaKM
Grid1,6,"4","Rhinella dorbignyi;Boana pulchella;Leptodactylus latrans;Leptodactylus latrans;Scinax granulatus;Boana pulchella","0","0","0","0",0,43.4998330667877
Grid10,132,"23","Rhinella arenarum;Rhinella arenarum;Rhinella dorbignyi;Rhinella dorbignyi;Rhinella dorbignyi;Rhinella dorbignyi;Rhinella dorbignyi;Rhinella dorbignyi;Rhinella dorbignyi;Rhinella dorbignyi;Rhinella dorbignyi;Chthonerpeton indistinctum;Elachistocleis bicolor;Elachistocleis bicolor;Elachistocleis bicolor;Elachistocleis bicolor;Boana pulchella;Boana pulchella;Boana pulchella;Boana pulchella;Boana pulchella;Boana pulchella;Boana pulchella;Boana pulchella;Boana pulchella;Boana pulchella;Boana pulchella;Leptodactylus gracilis;Leptodactylus gracilis;Leptodactylus gracilis;Leptodactylus latinasus;Leptodactylus latinasus;Leptodactylus latinasus;Leptodactylus latinasus;Leptodactylus mystacinus;Leptodactylus mystacinus;Leptodactylus mystacinus;Leptodactylus mystacinus;Leptodactylus latrans;Leptodactylus latrans;Leptodactylus latrans;Leptodactylus latrans;Leptodactylus latrans;Limnomedusa macroglossa;Limnomedusa macroglossa;Limnomedusa macroglossa;Limnomedusa macroglossa;Limnomedusa macroglossa;Limnomedusa macroglossa;Limnomedusa macroglossa;Limnomedusa macroglossa;Limnomedusa macroglossa;Limnomedusa macroglossa;Melanophryniscus montevidensis;Melanophryniscus pachyrhynus;Melanophryniscus pachyrhynus;Melanophryniscus sanmartini;Odontophrynus americanus;Odontophrynus americanus;Odontophrynus americanus;Phyllomedusa iheringii;Phyllomedusa iheringii;Phyllomedusa iheringii;Physalaemus gracilis;Physalaemus gracilis;Physalaemus gracilis;Physalaemus gracilis;Physalaemus gracilis;Physalaemus gracilis;Physalaemus gracilis;Physalaemus gracilis;Physalaemus gracilis;Physalaemus henselii;Physalaemus henselii;Physalaemus henselii;Physalaemus henselii;Physalaemus henselii;Physalaemus henselii;Physalaemus henselii;Physalaemus henselii;Pleurodema bibroni;Pleurodema bibroni;Pseudis minuta;Pseudis minuta;Pseudis minuta;Pseudis minuta;Pseudis minuta;Pseudopaludicola falcipes;Pseudopaludicola falcipes;Pseudopaludicola falcipes;Pseudopaludicola falcipes;Pseudopaludicola falcipes;Scinax granulatus;Scinax granulatus;Scinax granulatus;Scinax granulatus;Scinax granulatus;Scinax granulatus;Scinax granulatus;Scinax squalirostris;Boana pulchella;Boana pulchella;Elachistocleis bicolor;Elachistocleis bicolor;Leptodactylus gracilis;Leptodactylus gracilis;Leptodactylus latinasus;Leptodactylus latinasus;Leptodactylus latrans;Limnomedusa macroglossa;Odontophrynus americanus;Odontophrynus americanus;Phyllomedusa iheringii;Phyllomedusa iheringii;Physalaemus gracilis;Physalaemus gracilis;Pseudis minuta;Pseudis minuta;Pseudis minuta;Rhinella arenarum;Scinax granulatus;Scinax granulatus;Pleurodema bibroni;Limnomedusa macroglossa;Melanophryniscus pachyrhynus;Leptodactylus gracilis;Leptodactylus latrans;Leptodactylus latrans;Leptodactylus latrans;Leptodactylus latrans;Physalaemus henselii;Rhinella fernandezae","0","0","1","1",0.00757575757575758,2472.36453221159
Grid11,63,"19","Rhinella dorbignyi;Rhinella dorbignyi;Rhinella dorbignyi;Elachistocleis bicolor;Elachistocleis bicolor;Boana pulchella;Boana pulchella;Boana pulchella;Dendropsophus sanborni;Julianus uruguayus;Leptodactylus latinasus;Leptodactylus latinasus;Leptodactylus mystacinus;Leptodactylus latrans;Limnomedusa macroglossa;Limnomedusa macroglossa;Limnomedusa macroglossa;Limnomedusa macroglossa;Limnomedusa macroglossa;Melanophryniscus sanmartini;Odontophrynus americanus;Odontophrynus americanus;Physalaemus gracilis;Physalaemus gracilis;Physalaemus gracilis;Physalaemus gracilis;Pleurodema bibroni;Pleurodema bibroni;Pseudis minuta;Pseudopaludicola falcipes;Pseudopaludicola falcipes;Scinax granulatus;Scinax squalirostris;Boana pulchella;Boana pulchella;Elachistocleis bicolor;Boana pulchella;Leptodactylus gracilis;Leptodactylus latinasus;Leptodactylus latinasus;Leptodactylus latrans;Leptodactylus latrans;Leptodactylus latrans;Leptodactylus gracilis;Limnomedusa macroglossa;Limnomedusa macroglossa;Odontophrynus americanus;Odontophrynus americanus;Physalaemus gracilis;Physalaemus gracilis;Pseudis minuta;Pseudis minuta;Pseudopaludicola falcipes;Pseudopaludicola falcipes;Scinax granulatus;Scinax granulatus;Leptodactylus latrans;Limnomedusa macroglossa;Limnomedusa macroglossa;Melanophryniscus pachyrhynus;Melanophryniscus sanmartini;Physalaemus gracilis;Scinax squalirostris","0","0","0","0",0,2499.99999999997
Grid12,46,"22","Dendropsophus sanborni;Elachistocleis bicolor;Boana pulchella;Leptodactylus gracilis;Leptodactylus latinasus;Leptodactylus mystacinus;Leptodactylus latrans;Melanophryniscus montevidensis;Odontophrynus americanus;Odontophrynus maisuma;Physalaemus gracilis;Pleurodema bibroni;Pseudis minuta;Pseudopaludicola falcipes;Rhinella arenarum;Rhinella dorbignyi;Scinax granulatus;Scinax squalirostris;Rhinella arenarum;Rhinella arenarum;Rhinella arenarum;Elachistocleis bicolor;Elachistocleis bicolor;Boana pulchella;Dendropsophus sanborni;Julianus uruguayus;Leptodactylus gracilis;Leptodactylus latinasus;Leptodactylus mystacinus;Odontophrynus americanus;Physalaemus henselii;Pleurodema bibroni;Pseudis minuta;Pseudopaludicola falcipes;Ololygon berthae;Scinax granulatus;Scinax squalirostris;Ololygon aromothyella;Boana pulchella;Boana pulchella;Boana pulchella;Boana pulchella;Odontophrynus americanus;Odontophrynus americanus;Odontophrynus americanus;Pseudopaludicola falcipes","0","0","1","1",0.0217391304347826,2303.54482315441
Grid13,103,"20","Rhinella arenarum;Rhinella arenarum;Rhinella dorbignyi;Rhinella dorbignyi;Rhinella dorbignyi;Ceratophrys ornata;Ceratophrys ornata;Ceratophrys ornata;Chthonerpeton indistinctum;Boana pulchella;Boana pulchella;Boana pulchella;Boana pulchella;Boana pulchella;Dendropsophus sanborni;Dendropsophus sanborni;Dendropsophus sanborni;Dendropsophus sanborni;Leptodactylus gracilis;Leptodactylus gracilis;Leptodactylus latinasus;Leptodactylus latinasus;Leptodactylus latrans;Leptodactylus latrans;Leptodactylus latrans;Melanophryniscus montevidensis;Melanophryniscus montevidensis;Melanophryniscus montevidensis;Melanophryniscus montevidensis;Melanophryniscus montevidensis;Melanophryniscus montevidensis;Melanophryniscus montevidensis;Odontophrynus americanus;Odontophrynus americanus;Physalaemus biligonigerus;Physalaemus gracilis;Pleurodema bibroni;Pleurodema bibroni;Pleurodema bibroni;Pleurodema bibroni;Pseudis minuta;Pseudis minuta;Pseudis minuta;Pseudis minuta;Pseudis minuta;Pseudis minuta;Pseudis minuta;Pseudopaludicola falcipes;Pseudopaludicola falcipes;Pseudopaludicola falcipes;Pseudopaludicola falcipes;Pseudopaludicola falcipes;Scinax granulatus;Scinax granulatus;Scinax squalirostris;Scinax squalirostris;Scinax squalirostris;Scinax squalirostris;Scinax squalirostris;Scinax squalirostris;Dendropsophus sanborni;Boana pulchella;Leptodactylus gracilis;Leptodactylus latinasus;Leptodactylus latrans;Melanophryniscus montevidensis;Pseudis minuta;Pseudopaludicola falcipes;Scinax squalirostris;Boana pulchella;Physalaemus henselii;Pleurodema bibroni;Pseudis minuta;Elachistocleis bicolor;Leptodactylus latrans;Leptodactylus latinasus;Melanophryniscus montevidensis;Pseudis minuta;Pseudopaludicola falcipes;Rhinella arenarum;Pleurodema bibroni;Boana pulchella;Boana pulchella;Boana pulchella;Boana pulchella;Boana pulchella;Boana pulchella;Boana pulchella;Boana pulchella;Boana pulchella;Odontophrynus americanus;Odontophrynus americanus;Odontophrynus americanus;Odontophrynus americanus;Pleurodema bibroni;Pseudis minuta;Rhinella arenarum;Scinax granulatus;Scinax granulatus;Scinax granulatus;Scinax squalirostris;Scinax squalirostris;Scinax squalirostris","0","0","9","9",0.087378640776699,775.099651902516
Grid14,14,"8","Rhinella dorbignyi;Rhinella dorbignyi;Boana pulchella;Dendropsophus sanborni;Leptodactylus mystacinus;Leptodactylus latrans;Leptodactylus latrans;Odontophrynus americanus;Odontophrynus americanus;Odontophrynus americanus;Pseudis minuta;Pseudopaludicola falcipes;Pseudopaludicola falcipes;Odontophrynus americanus","0","0","0","0",0,1011.41364299674
Grid15,2,"2","Rhinella dorbignyi;Leptodactylus latinasus","0","0","0","0",0,2486.21264881389
Grid16,17,"13","Rhinella dorbignyi;Rhinella dorbignyi;Elachistocleis bicolor;Boana pulchella;Boana pulchella;Leptodactylus gracilis;Leptodactylus latinasus;Leptodactylus latinasus;Leptodactylus mystacinus;Leptodactylus latrans;Leptodactylus latrans;Limnomedusa macroglossa;Odontophrynus americanus;Pseudis minuta;Pseudopaludicola falcipes;Scinax granulatus;Physalaemus henselii","0","0","0","0",0,2499.99999999994
Grid17,23,"15","Rhinella dorbignyi;Rhinella dorbignyi;Elachistocleis bicolor;Boana pulchella;Dendropsophus sanborni;Leptodactylus gracilis;Leptodactylus latinasus;Leptodactylus mystacinus;Leptodactylus mystacinus;Leptodactylus mystacinus;Leptodactylus latrans;Limnomedusa macroglossa;Limnomedusa macroglossa;Limnomedusa macroglossa;Phyllomedusa iheringii;Physalaemus gracilis;Physalaemus gracilis;Physalaemus henselii;Pseudis minuta;Pseudis minuta;Pseudopaludicola falcipes;Scinax granulatus;Leptodactylus latrans","0","0","0","0",0,2499.99999999983
Grid18,3,"3","Rhinella arenarum;Physalaemus henselii;Scinax granulatus","0","0","0","0",0,2499.99999999994
Grid19,10,"10","Boana pulchella;Leptodactylus latinasus;Limnomedusa macroglossa;Physalaemus gracilis;Physalaemus henselii;Pseudis minuta;Pseudopaludicola falcipes;Scinax granulatus;Scinax squalirostris;Pleurodema bibroni","0","0","0","0",0,2499.99999999994
Grid2,188,"19","Rhinella arenarum;Rhinella arenarum;Rhinella arenarum;Rhinella arenarum;Rhinella arenarum;Rhinella arenarum;Rhinella arenarum;Rhinella arenarum;Rhinella arenarum;Rhinella arenarum;Rhinella arenarum;Rhinella arenarum;Rhinella arenarum;Rhinella arenarum;Rhinella arenarum;Rhinella arenarum;Rhinella arenarum;Rhinella arenarum;Rhinella arenarum;Rhinella arenarum;Rhinella arenarum;Rhinella arenarum;Rhinella dorbignyi;Rhinella dorbignyi;Rhinella dorbignyi;Rhinella dorbignyi;Rhinella dorbignyi;Rhinella dorbignyi;Rhinella dorbignyi;Rhinella dorbignyi;Rhinella dorbignyi;Rhinella dorbignyi;Rhinella dorbignyi;Rhinella dorbignyi;Rhinella dorbignyi;Rhinella dorbignyi;Rhinella dorbignyi;Rhinella dorbignyi;Rhinella dorbignyi;Rhinella dorbignyi;Chthonerpeton indistinctum;Chthonerpeton indistinctum;Chthonerpeton indistinctum;Chthonerpeton indistinctum;Chthonerpeton indistinctum;Chthonerpeton indistinctum;Elachistocleis bicolor;Elachistocleis bicolor;Elachistocleis bicolor;Elachistocleis bicolor;Boana pulchella;Boana pulchella;Boana pulchella;Boana pulchella;Boana pulchella;Boana pulchella;Boana pulchella;Boana pulchella;Boana pulchella;Boana pulchella;Boana pulchella;Leptodactylus gracilis;Leptodactylus gracilis;Leptodactylus gracilis;Leptodactylus gracilis;Leptodactylus latinasus;Leptodactylus latinasus;Leptodactylus latinasus;Leptodactylus latinasus;Leptodactylus latinasus;Leptodactylus latinasus;Leptodactylus mystacinus;Leptodactylus mystacinus;Leptodactylus mystacinus;Leptodactylus mystacinus;Leptodactylus mystacinus;Leptodactylus mystacinus;Leptodactylus mystacinus;Leptodactylus mystacinus;Leptodactylus mystacinus;Leptodactylus mystacinus;Leptodactylus latrans;Leptodactylus latrans;Leptodactylus latrans;Leptodactylus latrans;Leptodactylus latrans;Leptodactylus latrans;Leptodactylus latrans;Leptodactylus latrans;Leptodactylus latrans;Leptodactylus latrans;Leptodactylus latrans;Leptodactylus latrans;Leptodactylus latrans;Leptodactylus latrans;Leptodactylus latrans;Limnomedusa macroglossa;Melanophryniscus montevidensis;Melanophryniscus montevidensis;Melanophryniscus montevidensis;Melanophryniscus montevidensis;Melanophryniscus montevidensis;Melanophryniscus montevidensis;Melanophryniscus montevidensis;Odontophrynus americanus;Odontophrynus americanus;Odontophrynus americanus;Odontophrynus americanus;Odontophrynus americanus;Odontophrynus americanus;Odontophrynus americanus;Odontophrynus americanus;Odontophrynus americanus;Physalaemus gracilis;Physalaemus gracilis;Physalaemus gracilis;Physalaemus gracilis;Physalaemus gracilis;Physalaemus gracilis;Physalaemus gracilis;Physalaemus gracilis;Physalaemus gracilis;Physalaemus gracilis;Physalaemus gracilis;Physalaemus gracilis;Physalaemus gracilis;Physalaemus gracilis;Physalaemus henselii;Physalaemus henselii;Physalaemus henselii;Pleurodema bibroni;Pleurodema bibroni;Pleurodema bibroni;Pleurodema bibroni;Pleurodema bibroni;Pleurodema bibroni;Pleurodema bibroni;Leptodactylus latrans;Scinax granulatus;Pseudis minuta;Pseudis minuta;Pseudis minuta;Pseudis minuta;Pseudis minuta;Pseudis minuta;Pseudis minuta;Pseudis minuta;Pseudopaludicola falcipes;Pseudopaludicola falcipes;Pseudopaludicola falcipes;Pseudopaludicola falcipes;Pseudopaludicola falcipes;Pseudopaludicola falcipes;Scinax granulatus;Scinax granulatus;Scinax granulatus;Scinax granulatus;Scinax granulatus;Scinax granulatus;Scinax granulatus;Scinax granulatus;Scinax granulatus;Scinax granulatus;Scinax granulatus;Scinax granulatus;Scinax granulatus;Scinax granulatus;Scinax squalirostris;Scinax squalirostris;Scinax squalirostris;Physalaemus gracilis;Rhinella arenarum;Chthonerpeton indistinctum;Chthonerpeton indistinctum;Boana pulchella;Leptodactylus latinasus;Leptodactylus latinasus;Leptodactylus latrans;Leptodactylus mystacinus;Leptodactylus latrans;Leptodactylus latrans;Limnomedusa macroglossa;Limnomedusa macroglossa;Pseudis minuta;Pseudis minuta;Rhinella arenarum;Rhinella arenarum;Scinax squalirostris","0","0","7","7",0.0372340425531915,426.689917169829
Grid20,41,"16","Rhinella dorbignyi;Rhinella dorbignyi;Elachistocleis bicolor;Elachistocleis bicolor;Elachistocleis bicolor;Boana pulchella;Boana pulchella;Boana pulchella;Boana pulchella;Boana pulchella;Dendropsophus sanborni;Julianus uruguayus;Leptodactylus latinasus;Leptodactylus latinasus;Leptodactylus latinasus;Leptodactylus mystacinus;Leptodactylus mystacinus;Leptodactylus mystacinus;Leptodactylus mystacinus;Leptodactylus latrans;Leptodactylus latrans;Limnomedusa macroglossa;Limnomedusa macroglossa;Limnomedusa macroglossa;Limnomedusa macroglossa;Limnomedusa macroglossa;Limnomedusa macroglossa;Limnomedusa macroglossa;Odontophrynus americanus;Odontophrynus americanus;Physalaemus gracilis;Physalaemus gracilis;Physalaemus gracilis;Physalaemus gracilis;Physalaemus henselii;Pleurodema bibroni;Pleurodema bibroni;Pseudis minuta;Pseudis minuta;Pseudopaludicola falcipes;Scinax squalirostris","0","0","0","0",0,2499.99999999983
Grid21,7,"5","Leptodactylus latinasus;Boana pulchella;Boana pulchella;Odontophrynus americanus;Odontophrynus americanus;Pseudopaludicola falcipes;Scinax squalirostris","0","0","0","0",0,2499.99999999994
Grid22,49,"23","Rhinella arenarum;Rhinella dorbignyi;Ceratophrys ornata;Elachistocleis bicolor;Elachistocleis bicolor;Boana pulchella;Boana pulchella;Dendropsophus sanborni;Julianus uruguayus;Leptodactylus gracilis;Leptodactylus latinasus;Leptodactylus latinasus;Leptodactylus latinasus;Leptodactylus mystacinus;Leptodactylus latrans;Leptodactylus latrans;Limnomedusa macroglossa;Melanophryniscus montevidensis;Melanophryniscus montevidensis;Odontophrynus americanus;Odontophrynus americanus;Physalaemus biligonigerus;Physalaemus gracilis;Physalaemus gracilis;Physalaemus riograndensis;Pseudis minuta;Pseudis minuta;Pseudis minuta;Pseudis minuta;Pseudopaludicola falcipes;Pseudopaludicola falcipes;Ololygon berthae;Scinax granulatus;Scinax granulatus;Scinax squalirostris;Boana pulchella;Odontophrynus americanus;Scinax granulatus;Scinax squalirostris;Boana pulchella;Dendropsophus sanborni;Physalaemus fernandezae;Pseudopaludicola falcipes;Pseudopaludicola falcipes;Leptodactylus latrans;Leptodactylus latrans;Pseudis minuta;Rhinella arenarum;Rhinella dorbignyi","0","0","2","2",0.0408163265306122,2347.91140120795
Grid23,64,"24","Argenteohyla siemersi;Rhinella arenarum;Rhinella arenarum;Rhinella arenarum;Rhinella dorbignyi;Rhinella dorbignyi;Ceratophrys ornata;Elachistocleis bicolor;Boana pulchella;Boana pulchella;Dendropsophus sanborni;Dendropsophus sanborni;Leptodactylus gracilis;Leptodactylus gracilis;Leptodactylus latinasus;Leptodactylus latinasus;Leptodactylus mystacinus;Leptodactylus latrans;Leptodactylus latrans;Melanophryniscus atroluteus;Melanophryniscus montevidensis;Melanophryniscus montevidensis;Melanophryniscus montevidensis;Melanophryniscus montevidensis;Melanophryniscus montevidensis;Odontophrynus americanus;Odontophrynus americanus;Physalaemus riograndensis;Pleurodema bibroni;Pseudis minuta;Pseudis minuta;Pseudopaludicola falcipes;Scinax granulatus;Scinax squalirostris;Rhinella arenarum;Rhinella dorbignyi;Melanophryniscus montevidensis;Odontophrynus maisuma;Dendropsophus sanborni;Boana pulchella;Pseudis minuta;Ololygon berthae;Scinax granulatus;Scinax squalirostris;Leptodactylus gracilis;Leptodactylus latinasus;Leptodactylus latrans;Leptodactylus mystacinus;Physalaemus biligonigerus;Physalaemus henselii;Physalaemus riograndensis;Pleurodema bibroni;Pseudopaludicola falcipes;Elachistocleis bicolor;Pleurodema bibroni;Boana pulchella;Boana pulchella;Melanophryniscus montevidensis;Melanophryniscus montevidensis;Melanophryniscus montevidensis;Odontophrynus americanus;Odontophrynus maisuma;Pseudis minuta;Rhinella arenarum","0","1","9","10",0.15625,321.990161930056
Grid24,5,"4","Leptodactylus latinasus;Leptodactylus latinasus;Boana pulchella;Odontophrynus americanus;Pseudopaludicola falcipes","0","0","0","0",0,2087.00332906647
Grid25,14,"10","Rhinella dorbignyi;Rhinella dorbignyi;Boana pulchella;Boana pulchella;Leptodactylus gracilis;Leptodactylus latinasus;Leptodactylus mystacinus;Leptodactylus mystacinus;Leptodactylus latrans;Limnomedusa macroglossa;Limnomedusa macroglossa;Physalaemus gracilis;Physalaemus henselii;Scinax granulatus","0","0","0","0",0,2500.00000000008
Grid26,8,"8","Boana pulchella;Leptodactylus latinasus;Leptodactylus latrans;Limnomedusa macroglossa;Odontophrynus americanus;Physalaemus henselii;Pseudis minuta;Pseudopaludicola falcipes","0","0","0","0",0,2500.00000000008
Grid27,1,"1",Leptodactylus mystacinus,"0","0","0","0",0,2499.99999999997
Grid28,2,"2","Leptodactylus latrans;Pseudis minuta","0","0","0","0",0,2500.00000000008
Grid29,8,"8","Phyllomedusa iheringii;Physalaemus fernandezae;Pseudis minuta;Pseudopaludicola falcipes;Boana pulchella;Leptodactylus latrans;Limnomedusa macroglossa;Pleurodema bibroni","0","0","0","0",0,2500.00000000008
Grid3,45,"19","Rhinella arenarum;Rhinella dorbignyi;Rhinella dorbignyi;Elachistocleis bicolor;Elachistocleis bicolor;Elachistocleis bicolor;Boana pulchella;Boana pulchella;Dendropsophus sanborni;Leptodactylus gracilis;Leptodactylus latinasus;Leptodactylus latinasus;Leptodactylus latinasus;Leptodactylus latrans;Leptodactylus latrans;Leptodactylus latrans;Leptodactylus latrans;Leptodactylus latrans;Limnomedusa macroglossa;Limnomedusa macroglossa;Limnomedusa macroglossa;Limnomedusa macroglossa;Melanophryniscus montevidensis;Phyllomedusa iheringii;Phyllomedusa iheringii;Physalaemus fernandezae;Physalaemus gracilis;Physalaemus gracilis;Physalaemus henselii;Pleurodema bibroni;Pseudis minuta;Pseudis minuta;Pseudis minuta;Pseudis minuta;Pseudis minuta;Pseudopaludicola falcipes;Pseudopaludicola falcipes;Pseudopaludicola falcipes;Scinax granulatus;Scinax granulatus;Scinax squalirostris;Leptodactylus latrans;Physalaemus gracilis;Pseudis minuta;Scinax granulatus","0","0","1","1",0.0222222222222222,101.97906419536
Grid30,21,"12","Rhinella dorbignyi;Boana pulchella;Leptodactylus latinasus;Leptodactylus latinasus;Leptodactylus mystacinus;Leptodactylus mystacinus;Limnomedusa macroglossa;Limnomedusa macroglossa;Phyllomedusa iheringii;Physalaemus gracilis;Physalaemus henselii;Physalaemus henselii;Pleurodema bibroni;Pleurodema bibroni;Pleurodema bibroni;Pseudis minuta;Pseudopaludicola falcipes;Scinax granulatus;Scinax granulatus;Scinax granulatus;Phyllomedusa iheringii","0","0","0","0",0,2499.99999999997
Grid31,11,"7","Dendropsophus sanborni;Melanophryniscus atroluteus;Scinax granulatus;Dendropsophus sanborni;Boana pulchella;Boana pulchella;Boana pulchella;Odontophrynus americanus;Odontophrynus americanus;Pseudis minuta;Scinax squalirostris","0","0","0","0",0,2500.00000000008
Grid32,9,"8","Ceratophrys ornata;Elachistocleis bicolor;Leptodactylus latinasus;Pseudis minuta;Boana pulchella;Pseudis minuta;Pseudopaludicola falcipes;Scinax granulatus;Scinax squalirostris","0","0","0","0",0,2500.00000000008
Grid33,26,"14","Rhinella dorbignyi;Elachistocleis bicolor;Boana pulchella;Boana pulchella;Leptodactylus gracilis;Leptodactylus latinasus;Leptodactylus latinasus;Leptodactylus latinasus;Leptodactylus mystacinus;Leptodactylus mystacinus;Leptodactylus latrans;Limnomedusa macroglossa;Melanophryniscus montevidensis;Melanophryniscus montevidensis;Melanophryniscus sanmartini;Physalaemus henselii;Pseudis minuta;Pseudopaludicola falcipes;Scinax squalirostris;Scinax squalirostris;Boana pulchella;Leptodactylus gracilis;Leptodactylus latrans;Pseudis minuta;Pseudopaludicola falcipes;Rhinella dorbignyi","0","0","2","2",0.0769230769230769,668.992721312526
Grid34,34,"13","Rhinella arenarum;Rhinella dorbignyi;Rhinella dorbignyi;Rhinella dorbignyi;Elachistocleis bicolor;Boana pulchella;Boana pulchella;Leptodactylus latinasus;Leptodactylus latinasus;Leptodactylus latinasus;Leptodactylus mystacinus;Leptodactylus mystacinus;Leptodactylus mystacinus;Leptodactylus latrans;Leptodactylus latrans;Leptodactylus latrans;Leptodactylus latrans;Leptodactylus latrans;Leptodactylus latrans;Leptodactylus latrans;Leptodactylus latrans;Physalaemus biligonigerus;Physalaemus biligonigerus;Physalaemus henselii;Pseudis minuta;Pseudis minuta;Pseudis minuta;Pseudis minuta;Pseudopaludicola falcipes;Scinax granulatus;Scinax granulatus;Scinax granulatus;Hylodes asper;Hylodes asper","0","0","0","0",0,1525.0149511996
Grid35,0,"0",NA,"0","0","0","0",0,2500.00000000008
Grid36,10,"8","Boana pulchella;Boana pulchella;Leptodactylus latinasus;Leptodactylus mystacinus;Limnomedusa macroglossa;Odontophrynus americanus;Odontophrynus americanus;Physalaemus biligonigerus;Pseudis minuta;Scinax granulatus","0","0","0","0",0,2500.00000000008
Grid37,3,"3","Chthonerpeton indistinctum;Odontophrynus americanus;Boana pulchella","0","0","0","0",0,2499.99999999997
Grid38,1,"1",Limnomedusa macroglossa,"0","0","0","0",0,2500.00000000008
Grid39,0,"0",NA,"0","0","0","0",0,2500.00000000008
Grid4,71,"23","Rhinella arenarum;Rhinella arenarum;Rhinella dorbignyi;Rhinella dorbignyi;Rhinella dorbignyi;Rhinella dorbignyi;Chthonerpeton indistinctum;Boana pulchella;Boana pulchella;Dendropsophus sanborni;Dendropsophus sanborni;Leptodactylus latinasus;Leptodactylus latinasus;Leptodactylus latrans;Leptodactylus latrans;Leptodactylus latrans;Leptodactylus latrans;Leptodactylus latrans;Leptodactylus latrans;Leptodactylus latrans;Limnomedusa macroglossa;Limnomedusa macroglossa;Melanophryniscus montevidensis;Melanophryniscus montevidensis;Melanophryniscus montevidensis;Melanophryniscus montevidensis;Melanophryniscus montevidensis;Melanophryniscus montevidensis;Melanophryniscus montevidensis;Melanophryniscus montevidensis;Odontophrynus americanus;Physalaemus gracilis;Physalaemus gracilis;Physalaemus henselii;Pleurodema bibroni;Pseudis minuta;Pseudis minuta;Pseudis minuta;Scinax granulatus;Scinax granulatus;Scinax squalirostris;Boana pulchella;Boana pulchella;Dendropsophus sanborni;Leptodactylus gracilis;Leptodactylus gracilis;Leptodactylus latinasus;Leptodactylus latinasus;Leptodactylus latrans;Leptodactylus latrans;Leptodactylus mystacinus;Odontophrynus americanus;Phyllomedusa iheringii;Physalaemus gracilis;Physalaemus gracilis;Pseudis minuta;Pseudis minuta;Pseudopaludicola falcipes;Rhinella arenarum;Rhinella dorbignyi;Scinax granulatus;Scinax granulatus;Scinax squalirostris;Scinax squalirostris;Dendropsophus nanus;Dendropsophus sanborni;Dendropsophus sanborni;Elachistocleis bicolor;Scinax squalirostris;Scinax squalirostris;Rhinella fernandezae","0","0","8","8",0.112676056338028,691.911984928869
Grid40,2,"2","Leptodactylus mystacinus;Pleurodema bibroni","0","0","0","0",0,2499.99999999997
Grid41,48,"20","Boana pulchella;Boana pulchella;Dendropsophus sanborni;Dendropsophus sanborni;Leptodactylus latinasus;Leptodactylus latinasus;Leptodactylus latinasus;Leptodactylus latrans;Limnomedusa macroglossa;Limnomedusa macroglossa;Melanophryniscus atroluteus;Odontophrynus americanus;Odontophrynus americanus;Phyllomedusa iheringii;Physalaemus biligonigerus;Physalaemus biligonigerus;Physalaemus biligonigerus;Physalaemus gracilis;Physalaemus henselii;Physalaemus henselii;Pseudis minuta;Pseudis minuta;Pseudis minuta;Pseudis minuta;Pseudopaludicola falcipes;Pseudopaludicola falcipes;Pseudopaludicola falcipes;Scinax granulatus;Scinax granulatus;Scinax squalirostris;Scinax squalirostris;Scinax squalirostris;Scinax squalirostris;Leptodactylus latrans;Elachistocleis bicolor;Boana pulchella;Julianus uruguayus;Leptodactylus gracilis;Leptodactylus latinasus;Leptodactylus latrans;Odontophrynus americanus;Physalaemus riograndensis;Pseudis minuta;Ololygon berthae;Scinax squalirostris;Boana pulchella;Boana pulchella;Odontophrynus americanus","0","0","0","0",0,2500.00000000008
Grid42,23,"14","Boana pulchella;Dendropsophus sanborni;Julianus uruguayus;Leptodactylus gracilis;Leptodactylus latinasus;Leptodactylus latrans;Odontophrynus americanus;Physalaemus henselii;Physalaemus henselii;Pseudis minuta;Pseudis minuta;Pseudopaludicola falcipes;Scinax squalirostris;Boana pulchella;Dendropsophus sanborni;Leptodactylus latinasus;Leptodactylus mystacinus;Leptodactylus latrans;Pseudopaludicola falcipes;Rhinella dorbignyi;Scinax fuscovarius;Scinax squalirostris;Leptodactylus latrans","0","0","0","0",0,2500.00000000008
Grid43,9,"7","Rhinella dorbignyi;Boana pulchella;Boana pulchella;Dendropsophus sanborni;Dendropsophus sanborni;Leptodactylus latinasus;Leptodactylus latrans;Pseudopaludicola falcipes;Scinax granulatus","0","0","0","0",0,380.531282396995
Grid44,26,"16","Rhinella dorbignyi;Rhinella diptycha;Boana pulchella;Boana pulchella;Leptodactylus gracilis;Leptodactylus latrans;Limnomedusa macroglossa;Physalaemus biligonigerus;Physalaemus biligonigerus;Physalaemus biligonigerus;Pseudopaludicola falcipes;Ololygon berthae;Boana pulchella;Dendropsophus sanborni;Leptodactylus latinasus;Leptodactylus latrans;Leptodactylus mystacinus;Physalaemus biligonigerus;Pseudis minuta;Pseudopaludicola falcipes;Rhinella dorbignyi;Rhinella diptycha;Scinax granulatus;Boana pulchella;Scinax squalirostris;Odontophrynus americanus","0","0","0","0",0,725.851439143919
Grid45,11,"9","Boana pulchella;Boana pulchella;Leptodactylus mystacinus;Leptodactylus latrans;Limnomedusa macroglossa;Odontophrynus americanus;Physalaemus biligonigerus;Pseudis minuta;Pseudopaludicola falcipes;Pseudopaludicola falcipes;Scinax granulatus","0","0","0","0",0,2499.99999999994
Grid46,0,"0",NA,"0","0","0","0",0,2499.99999999994
Grid47,23,"12","Rhinella dorbignyi;Elachistocleis bicolor;Elachistocleis bicolor;Boana pulchella;Boana pulchella;Boana pulchella;Leptodactylus latinasus;Leptodactylus latinasus;Leptodactylus mystacinus;Leptodactylus mystacinus;Leptodactylus latrans;Limnomedusa macroglossa;Limnomedusa macroglossa;Limnomedusa macroglossa;Limnomedusa macroglossa;Odontophrynus americanus;Physalaemus henselii;Pleurodema bibroni;Pseudopaludicola falcipes;Pseudopaludicola falcipes;Pseudopaludicola falcipes;Scinax granulatus;Scinax granulatus","0","0","0","0",0,2499.99999999983
Grid48,1,"1",Leptodactylus mystacinus,"0","0","0","0",0,2499.99999999994
Grid49,11,"9","Elachistocleis bicolor;Boana pulchella;Dendropsophus sanborni;Leptodactylus latinasus;Limnomedusa macroglossa;Limnomedusa macroglossa;Physalaemus henselii;Physalaemus henselii;Pseudis minuta;Pseudopaludicola falcipes;Scinax granulatus","0","0","0","0",0,2499.99999999994
Grid5,10,"8","Rhinella dorbignyi;Boana pulchella;Dendropsophus sanborni;Leptodactylus latinasus;Leptodactylus latrans;Pleurodema bibroni;Pleurodema bibroni;Scinax granulatus;Scinax squalirostris;Scinax squalirostris","0","0","0","0",0,99.9827321998075
Grid50,31,"19","Rhinella dorbignyi;Elachistocleis bicolor;Boana pulchella;Boana pulchella;Dendropsophus sanborni;Dendropsophus sanborni;Leptodactylus gracilis;Leptodactylus gracilis;Leptodactylus latinasus;Leptodactylus latinasus;Leptodactylus mystacinus;Leptodactylus mystacinus;Leptodactylus latrans;Limnomedusa macroglossa;Limnomedusa macroglossa;Limnomedusa macroglossa;Odontophrynus americanus;Odontophrynus americanus;Phyllomedusa iheringii;Physalaemus biligonigerus;Physalaemus biligonigerus;Physalaemus gracilis;Physalaemus henselii;Pleurodema bibroni;Pseudis minuta;Pseudis minuta;Pseudopaludicola falcipes;Scinax granulatus;Scinax squalirostris;Leptodactylus latinasus;Pseudis minuta","0","0","0","0",0,2499.99999999983
Grid51,65,"23","Elachistocleis bicolor;Boana pulchella;Boana pulchella;Julianus uruguayus;Leptodactylus latinasus;Leptodactylus mystacinus;Leptodactylus latrans;Leptodactylus latrans;Limnomedusa macroglossa;Limnomedusa macroglossa;Odontophrynus americanus;Odontophrynus americanus;Physalaemus gracilis;Pseudis minuta;Pseudis minuta;Pseudopaludicola falcipes;Scinax granulatus;Scinax granulatus;Scinax granulatus;Boana pulchella;Dendropsophus minutus;Dendropsophus sanborni;Elachistocleis bicolor;Julianus uruguayus;Leptodactylus gracilis;Leptodactylus latinasus;Leptodactylus latrans;Limnomedusa macroglossa;Odontophrynus americanus;Phyllomedusa iheringii;Physalaemus gracilis;Pseudis minuta;Pseudopaludicola falcipes;Rhinella achavali;Rhinella achavali;Scinax granulatus;Scinax squalirostris;Limnomedusa macroglossa;Dendropsophus minutus;Dendropsophus sanborni;Elachistocleis bicolor;Boana pulchella;Leptodactylus gracilis;Leptodactylus latinasus;Leptodactylus latrans;Leptodactylus mystacinus;Limnomedusa macroglossa;Melanophryniscus sanmartini;Odontophrynus americanus;Phyllomedusa iheringii;Physalaemus biligonigerus;Physalaemus gracilis;Physalaemus riograndensis;Pseudis minuta;Pseudopaludicola falcipes;Rhinella achavali;Rhinella dorbignyi;Ololygon aromothyella;Scinax granulatus;Julianus uruguayus;Ololygon aromothyella;Leptodactylus latrans;Limnomedusa macroglossa;Pseudopaludicola falcipes;Dendropsophus minutus","0","0","0","0",0,2499.99999999994
Grid52,27,"16","Rhinella dorbignyi;Elachistocleis bicolor;Boana pulchella;Dendropsophus sanborni;Dendropsophus sanborni;Dendropsophus sanborni;Julianus uruguayus;Leptodactylus latrans;Leptodactylus latrans;Odontophrynus americanus;Phyllomedusa iheringii;Physalaemus henselii;Physalaemus riograndensis;Pseudis minuta;Pseudopaludicola falcipes;Pseudopaludicola falcipes;Pseudopaludicola falcipes;Scinax granulatus;Scinax granulatus;Leptodactylus mystacinus;Physalaemus biligonigerus;Scinax granulatus;Boana pulchella;Pseudis minuta;Pseudis minuta;Pseudopaludicola falcipes;Scinax squalirostris","0","0","0","0",0,2499.99999999994
Grid53,16,"12","Elachistocleis bicolor;Leptodactylus latinasus;Pseudopaludicola falcipes;Scinax squalirostris;Boana pulchella;Dendropsophus minutus;Dendropsophus sanborni;Elachistocleis bicolor;Leptodactylus gracilis;Leptodactylus latinasus;Leptodactylus latrans;Physalaemus biligonigerus;Pseudis minuta;Pseudopaludicola falcipes;Scinax granulatus;Scinax squalirostris","0","0","0","0",0,1789.63811491331
Grid54,25,"15","Rhinella arenarum;Rhinella dorbignyi;Rhinella dorbignyi;Rhinella dorbignyi;Rhinella dorbignyi;Elachistocleis bicolor;Leptodactylus gracilis;Leptodactylus latinasus;Leptodactylus latinasus;Leptodactylus mystacinus;Leptodactylus mystacinus;Leptodactylus latrans;Melanophryniscus atroluteus;Odontophrynus americanus;Physalaemus biligonigerus;Physalaemus biligonigerus;Physalaemus henselii;Pseudopaludicola falcipes;Pseudopaludicola falcipes;Pseudopaludicola falcipes;Scinax granulatus;Leptodactylus latrans;Rhinella arenarum;Rhinella diptycha;Scinax fuscovarius","0","0","0","0",0,880.652152162384
Grid55,6,"5","Rhinella dorbignyi;Leptodactylus latinasus;Physalaemus biligonigerus;Pseudopaludicola falcipes;Pseudopaludicola falcipes;Scinax granulatus","0","0","0","0",0,2500.00000000008
Grid56,6,"6","Leptodactylus latinasus;Leptodactylus latrans;Physalaemus biligonigerus;Physalaemus riograndensis;Pseudis minuta;Scinax granulatus","0","0","0","0",0,2500.00000000008
Grid57,1,"1",Boana pulchella,"0","0","0","0",0,2499.99999999997
Grid58,13,"12","Elachistocleis bicolor;Boana pulchella;Leptodactylus latinasus;Leptodactylus mystacinus;Leptodactylus latrans;Limnomedusa macroglossa;Physalaemus gracilis;Physalaemus henselii;Pleurodema bibroni;Pseudis minuta;Pseudopaludicola falcipes;Scinax granulatus;Boana pulchella","0","0","0","0",0,2500.00000000008
Grid59,52,"16","Rhinella arenarum;Rhinella dorbignyi;Rhinella dorbignyi;Elachistocleis bicolor;Elachistocleis bicolor;Boana pulchella;Boana pulchella;Boana pulchella;Boana pulchella;Boana pulchella;Boana pulchella;Dendropsophus sanborni;Dendropsophus sanborni;Leptodactylus latinasus;Leptodactylus latinasus;Leptodactylus latinasus;Leptodactylus latinasus;Leptodactylus mystacinus;Leptodactylus mystacinus;Leptodactylus latrans;Leptodactylus latrans;Leptodactylus latrans;Leptodactylus latrans;Leptodactylus latrans;Leptodactylus latrans;Limnomedusa macroglossa;Limnomedusa macroglossa;Limnomedusa macroglossa;Limnomedusa macroglossa;Odontophrynus americanus;Physalaemus henselii;Physalaemus henselii;Pseudis minuta;Pseudis minuta;Pseudis minuta;Pseudis minuta;Pseudis minuta;Pseudis minuta;Pseudopaludicola falcipes;Pseudopaludicola falcipes;Pseudopaludicola falcipes;Pseudopaludicola falcipes;Pseudopaludicola falcipes;Scinax granulatus;Scinax granulatus;Scinax granulatus;Scinax granulatus;Scinax squalirostris;Elachistocleis bicolor;Leptodactylus gracilis;Leptodactylus latrans;Leptodactylus mystacinus","0","0","0","0",0,2500.00000000008
Grid6,15,"11","Rhinella dorbignyi;Elachistocleis bicolor;Leptodactylus gracilis;Leptodactylus latinasus;Leptodactylus latinasus;Physalaemus henselii;Physalaemus henselii;Pseudis minuta;Pseudopaludicola falcipes;Pseudopaludicola falcipes;Scinax granulatus;Leptodactylus latinasus;Dendropsophus sanborni;Odontophrynus americanus;Rhinella fernandezae","0","0","0","0",0,512.705606569401
Grid60,7,"4","Pseudis minuta;Boana pulchella;Boana pulchella;Odontophrynus americanus;Pseudis minuta;Pseudis minuta;Pseudopaludicola falcipes","0","0","0","0",0,2499.99999999997
Grid61,14,"6","Dendropsophus minutus;Dendropsophus minutus;Boana pulchella;Physalaemus henselii;Pseudis minuta;Pseudis minuta;Pseudis minuta;Boana pulchella;Boana pulchella;Boana pulchella;Boana pulchella;Boana pulchella;Odontophrynus americanus;Scinax squalirostris","0","0","0","0",0,2500.00000000008
Grid62,46,"18","Rhinella dorbignyi;Dendropsophus minutus;Dendropsophus minutus;Dendropsophus minutus;Julianus uruguayus;Julianus uruguayus;Julianus uruguayus;Leptodactylus latinasus;Leptodactylus latrans;Leptodactylus latrans;Limnomedusa macroglossa;Melanophryniscus atroluteus;Physalaemus biligonigerus;Physalaemus henselii;Pseudis minuta;Scinax granulatus;Scinax granulatus;Dendropsophus minutus;Dendropsophus sanborni;Leptodactylus latrans;Limnomedusa macroglossa;Pseudis minuta;Pseudopaludicola falcipes;Scinax squalirostris;Elachistocleis bicolor;Pseudis minuta;Boana pulchella;Boana pulchella;Leptodactylus gracilis;Leptodactylus gracilis;Leptodactylus latinasus;Leptodactylus latinasus;Leptodactylus latrans;Pseudis minuta;Pseudis minuta;Pseudopaludicola falcipes;Scinax fuscovarius;Scinax squalirostris;Dendropsophus minutus;Boana pulchella;Boana pulchella;Boana pulchella;Physalaemus biligonigerus;Pseudis minuta;Scinax granulatus;Scinax squalirostris","0","0","0","0",0,2448.66084050369
Grid63,0,"0",NA,"0","0","0","0",0,230.852141395135
Grid64,0,"0",NA,"0","0","0","0",0,702.827393233746
Grid65,12,"9","Rhinella dorbignyi;Boana pulchella;Boana pulchella;Boana pulchella;Dendropsophus sanborni;Leptodactylus gracilis;Leptodactylus latrans;Physalaemus biligonigerus;Physalaemus biligonigerus;Pseudopaludicola falcipes;Scinax squalirostris;Physalaemus riograndensis","0","0","0","0",0,2500.00000000008
Grid66,6,"6","Leptodactylus latinasus;Limnomedusa macroglossa;Physalaemus biligonigerus;Pseudopaludicola falcipes;Phyllomedusa iheringii;Rhinella diptycha","0","0","0","0",0,2500.00000000008
Grid67,6,"5","Boana pulchella;Leptodactylus latinasus;Limnomedusa macroglossa;Scinax squalirostris;Leptodactylus latinasus;Leptodactylus latrans","0","0","0","0",0,2499.99999999997
Grid68,31,"12","Rhinella dorbignyi;Elachistocleis bicolor;Elachistocleis bicolor;Elachistocleis bicolor;Boana pulchella;Leptodactylus gracilis;Leptodactylus latinasus;Leptodactylus latinasus;Leptodactylus latinasus;Leptodactylus latinasus;Leptodactylus latinasus;Leptodactylus latinasus;Leptodactylus mystacinus;Leptodactylus latrans;Limnomedusa macroglossa;Limnomedusa macroglossa;Limnomedusa macroglossa;Limnomedusa macroglossa;Limnomedusa macroglossa;Limnomedusa macroglossa;Pseudis minuta;Pseudis minuta;Pseudis minuta;Pseudopaludicola falcipes;Pseudopaludicola falcipes;Pseudopaludicola falcipes;Pseudopaludicola falcipes;Scinax granulatus;Boana pulchella;Odontophrynus americanus;Scinax granulatus","0","0","0","0",0,2500.00000000008
Grid69,43,"15","Rhinella dorbignyi;Rhinella dorbignyi;Elachistocleis bicolor;Boana pulchella;Boana pulchella;Boana pulchella;Leptodactylus gracilis;Pseudopaludicola falcipes;Boana pulchella;Odontophrynus americanus;Boana pulchella;Leptodactylus gracilis;Pseudis minuta;Boana pulchella;Leptodactylus latinasus;Limnomedusa macroglossa;Leptodactylus gracilis;Pseudis minuta;Leptodactylus gracilis;Leptodactylus latinasus;Elachistocleis bicolor;Leptodactylus latinasus;Melanophryniscus atroluteus;Odontophrynus americanus;Physalaemus biligonigerus;Leptodactylus latinasus;Leptodactylus mystacinus;Pseudopaludicola falcipes;Physalaemus riograndensis;Rhinella dorbignyi;Scinax granulatus;Pseudopaludicola falcipes;Scinax granulatus;Scinax granulatus;Leptodactylus latrans;Limnomedusa macroglossa;Boana pulchella;Leptodactylus latinasus;Leptodactylus latrans;Pseudis minuta;Scinax granulatus;Leptodactylus latrans;Pseudis minuta","0","0","0","0",0,2500.00000000008
Grid7,20,"14","Argenteohyla siemersi;Boana pulchella;Boana pulchella;Boana pulchella;Dendropsophus sanborni;Dendropsophus sanborni;Leptodactylus gracilis;Leptodactylus latinasus;Leptodactylus latinasus;Leptodactylus mystacinus;Leptodactylus latrans;Odontophrynus americanus;Physalaemus gracilis;Physalaemus henselii;Pleurodema bibroni;Pseudis minuta;Pseudis minuta;Scinax granulatus;Scinax granulatus;Scinax squalirostris","0","1","0","1",0.05,815.368854726145
Grid70,2,"1","Pseudis minuta;Pseudis minuta","0","0","0","0",0,2499.99999999997
Grid71,4,"4","Dendropsophus sanborni;Pseudopaludicola falcipes;Boana pulchella;Scinax granulatus","0","0","0","0",0,2251.01758852801
Grid72,108,"20","Boana pulchella;Odontophrynus americanus;Physalaemus henselii;Scinax granulatus;Scinax squalirostris;Boana pulchella;Boana pulchella;Boana pulchella;Boana pulchella;Boana pulchella;Boana pulchella;Boana pulchella;Boana pulchella;Dendropsophus minutus;Dendropsophus sanborni;Dendropsophus minutus;Dendropsophus minutus;Dendropsophus minutus;Dendropsophus minutus;Dendropsophus minutus;Dendropsophus minutus;Dendropsophus sanborni;Dendropsophus sanborni;Dendropsophus sanborni;Dendropsophus sanborni;Dendropsophus sanborni;Dendropsophus sanborni;Elachistocleis bicolor;Elachistocleis bicolor;Elachistocleis bicolor;Elachistocleis bicolor;Elachistocleis bicolor;Julianus uruguayus;Julianus uruguayus;Julianus uruguayus;Julianus uruguayus;Leptodactylus gracilis;Leptodactylus gracilis;Leptodactylus gracilis;Leptodactylus gracilis;Leptodactylus gracilis;Leptodactylus gracilis;Leptodactylus latinasus;Leptodactylus latinasus;Leptodactylus latinasus;Leptodactylus latinasus;Leptodactylus latinasus;Leptodactylus latinasus;Leptodactylus latinasus;Leptodactylus latrans;Leptodactylus latrans;Leptodactylus latrans;Leptodactylus latrans;Leptodactylus latrans;Leptodactylus latrans;Leptodactylus mystacinus;Leptodactylus mystacinus;Leptodactylus mystacinus;Limnomedusa macroglossa;Limnomedusa macroglossa;Odontophrynus americanus;Odontophrynus americanus;Odontophrynus americanus;Odontophrynus americanus;Ololygon aromothyella;Ololygon aromothyella;Ololygon aromothyella;Phyllomedusa iheringii;Phyllomedusa iheringii;Phyllomedusa iheringii;Phyllomedusa iheringii;Phyllomedusa iheringii;Phyllomedusa iheringii;Physalaemus biligonigerus;Physalaemus biligonigerus;Physalaemus biligonigerus;Physalaemus riograndensis;Physalaemus riograndensis;Pseudis minuta;Pseudis minuta;Pseudis minuta;Pseudis minuta;Pseudis minuta;Pseudis minuta;Pseudis minuta;Pseudopaludicola falcipes;Pseudopaludicola falcipes;Pseudopaludicola falcipes;Pseudopaludicola falcipes;Pseudopaludicola falcipes;Pseudopaludicola falcipes;Scinax granulatus;Scinax granulatus;Scinax granulatus;Scinax granulatus;Scinax granulatus;Scinax granulatus;Scinax granulatus;Scinax squalirostris;Scinax squalirostris;Scinax squalirostris;Scinax squalirostris;Scinax squalirostris;Scinax squalirostris;Scinax squalirostris;Scinax squalirostris;Elachistocleis bicolor;Physalaemus riograndensis","0","0","0","0",0,586.228452285539
Grid73,17,"9","Rhinella arenarum;Rhinella dorbignyi;Rhinella dorbignyi;Rhinella dorbignyi;Rhinella dorbignyi;Rhinella diptycha;Rhinella diptycha;Rhinella diptycha;Rhinella diptycha;Elachistocleis bicolor;Elachistocleis bicolor;Leptodactylus chaquensis;Leptodactylus latrans;Odontophrynus americanus;Odontophrynus americanus;Scinax nasicus;Scinax granulatus","0","0","0","0",0,204.467637522562
Grid74,24,"19","Rhinella dorbignyi;Boana pulchella;Pseudis minuta;Pseudis minuta;Pseudopaludicola falcipes;Scinax granulatus;Scinax nasicus;Scinax nasicus;Boana pulchella;Dendropsophus nanus;Dendropsophus sanborni;Elachistocleis bicolor;Leptodactylus chaquensis;Leptodactylus gracilis;Leptodactylus latinasus;Leptodactylus latrans;Leptodactylus mystacinus;Odontophrynus americanus;Ololygon berthae;Physalaemus albonotatus;Pseudopaludicola falcipes;Rhinella diptycha;Scinax nasicus;Scinax squalirostris","0","0","0","0",0,2415.63830379614
Grid75,1,"1",Leptodactylus latinasus,"0","0","0","0",0,2499.99999999994
Grid76,0,"0",NA,"0","0","0","0",0,2499.99999999983
Grid77,45,"15","Leptodactylus latinasus;Leptodactylus mystacinus;Boana pulchella;Leptodactylus gracilis;Limnomedusa macroglossa;Odontophrynus americanus;Elachistocleis bicolor;Physalaemus biligonigerus;Pseudis minuta;Pseudopaludicola falcipes;Scinax granulatus;Boana pulchella;Boana pulchella;Elachistocleis bicolor;Julianus uruguayus;Julianus uruguayus;Leptodactylus gracilis;Leptodactylus latinasus;Leptodactylus latinasus;Leptodactylus latinasus;Leptodactylus latinasus;Leptodactylus latinasus;Limnomedusa macroglossa;Limnomedusa macroglossa;Limnomedusa macroglossa;Melanophryniscus devincenzii;Melanophryniscus devincenzii;Odontophrynus americanus;Physalaemus biligonigerus;Physalaemus biligonigerus;Pseudis minuta;Pseudopaludicola falcipes;Pseudopaludicola falcipes;Pseudopaludicola falcipes;Scinax granulatus;Pseudopaludicola falcipes;Boana pulchella;Boana pulchella;Leptodactylus gracilis;Leptodactylus latinasus;Leptodactylus latrans;Limnomedusa macroglossa;Pseudis minuta;Pseudopaludicola falcipes;Rhinella achavali","0","2","0","2",0.0444444444444444,2499.99999999994
Grid78,60,"20","Leptodactylus latinasus;Scinax fuscovarius;Boana pulchella;Leptodactylus gracilis;Pseudis minuta;Leptodactylus latinasus;Pseudis minuta;Scinax fuscovarius;Leptodactylus gracilis;Leptodactylus latrans;Odontophrynus americanus;Physalaemus biligonigerus;Physalaemus henselii;Physalaemus riograndensis;Melanophryniscus sanmartini;Pseudopaludicola falcipes;Elachistocleis bicolor;Boana pulchella;Leptodactylus furnarius;Leptodactylus gracilis;Leptodactylus latinasus;Leptodactylus mystacinus;Leptodactylus latrans;Odontophrynus americanus;Physalaemus biligonigerus;Physalaemus henselii;Physalaemus riograndensis;Pseudis minuta;Scinax squalirostris;Scinax fuscovarius;Elachistocleis bicolor;Boana pulchella;Leptodactylus gracilis;Leptodactylus latinasus;Odontophrynus americanus;Physalaemus riograndensis;Pseudopaludicola falcipes;Leptodactylus latrans;Pseudis minuta;Limnomedusa macroglossa;Pseudis minuta;Pseudopaludicola falcipes;Boana pulchella;Dendropsophus sanborni;Physalaemus biligonigerus;Pseudis minuta;Pseudopaludicola falcipes;Leptodactylus latrans;Scinax granulatus;Limnomedusa macroglossa;Limnomedusa macroglossa;Pseudopaludicola falcipes;Scinax fuscovarius;Scinax fuscovarius;Melanophryniscus langonei;Boana pulchella;Odontophrynus americanus;Odontophrynus americanus;Pseudopaludicola falcipes;Scinax squalirostris","1","0","0","1",0.0166666666666667,2499.99999999994
Grid79,1,"1",Melanophryniscus atroluteus,"0","0","0","0",0,1713.84193961304
Grid8,105,"24","Rhinella arenarum;Rhinella arenarum;Rhinella arenarum;Rhinella arenarum;Rhinella arenarum;Rhinella dorbignyi;Rhinella dorbignyi;Rhinella dorbignyi;Rhinella dorbignyi;Rhinella dorbignyi;Rhinella dorbignyi;Ceratophrys ornata;Chthonerpeton indistinctum;Chthonerpeton indistinctum;Chthonerpeton indistinctum;Elachistocleis bicolor;Elachistocleis bicolor;Boana pulchella;Boana pulchella;Boana pulchella;Boana pulchella;Boana pulchella;Boana pulchella;Boana pulchella;Boana pulchella;Boana pulchella;Boana pulchella;Dendropsophus sanborni;Dendropsophus sanborni;Dendropsophus sanborni;Dendropsophus sanborni;Dendropsophus sanborni;Leptodactylus gracilis;Leptodactylus gracilis;Leptodactylus gracilis;Leptodactylus gracilis;Leptodactylus gracilis;Leptodactylus latinasus;Leptodactylus latinasus;Leptodactylus latinasus;Leptodactylus latinasus;Leptodactylus latinasus;Leptodactylus mystacinus;Leptodactylus mystacinus;Leptodactylus mystacinus;Leptodactylus latrans;Leptodactylus latrans;Leptodactylus latrans;Leptodactylus latrans;Leptodactylus latrans;Leptodactylus latrans;Leptodactylus latrans;Limnomedusa macroglossa;Melanophryniscus montevidensis;Odontophrynus americanus;Odontophrynus americanus;Odontophrynus americanus;Odontophrynus americanus;Odontophrynus americanus;Odontophrynus americanus;Physalaemus fernandezae;Physalaemus gracilis;Physalaemus gracilis;Physalaemus gracilis;Physalaemus henselii;Physalaemus henselii;Physalaemus henselii;Physalaemus henselii;Physalaemus riograndensis;Pleurodema bibroni;Pleurodema bibroni;Pleurodema bibroni;Pseudis minuta;Pseudis minuta;Pseudis minuta;Pseudis minuta;Pseudis minuta;Pseudis minuta;Pseudis minuta;Pseudis minuta;Pseudis minuta;Pseudopaludicola falcipes;Pseudopaludicola falcipes;Pseudopaludicola falcipes;Pseudopaludicola falcipes;Pseudopaludicola falcipes;Pseudopaludicola falcipes;Pseudopaludicola falcipes;Scinax granulatus;Scinax granulatus;Scinax granulatus;Scinax granulatus;Scinax granulatus;Scinax squalirostris;Scinax squalirostris;Scinax squalirostris;Scinax squalirostris;Scinax squalirostris;Scinax squalirostris;Ceratophrys ornata;Leptodactylus latinasus;Leptodactylus latrans;Pseudopaludicola falcipes;Rhinella fernandezae;Scinax squalirostris","0","0","1","1",0.00952380952380952,2148.43242265522
Grid80,0,"0",NA,"0","0","0","0",0,484.989064984676
Grid81,92,"25","Rhinella dorbignyi;Rhinella dorbignyi;Rhinella dorbignyi;Rhinella dorbignyi;Rhinella dorbignyi;Rhinella dorbignyi;Rhinella dorbignyi;Rhinella diptycha;Rhinella diptycha;Rhinella diptycha;Rhinella diptycha;Rhinella diptycha;Elachistocleis bicolor;Elachistocleis bicolor;Dendropsophus nanus;Dendropsophus nanus;Boana pulchella;Boana pulchella;Boana pulchella;Dendropsophus sanborni;Dendropsophus sanborni;Dendropsophus sanborni;Dendropsophus sanborni;Leptodactylus chaquensis;Leptodactylus chaquensis;Leptodactylus chaquensis;Leptodactylus gracilis;Leptodactylus gracilis;Leptodactylus gracilis;Leptodactylus latinasus;Leptodactylus latinasus;Leptodactylus latinasus;Leptodactylus latinasus;Leptodactylus latinasus;Leptodactylus latinasus;Leptodactylus latinasus;Leptodactylus mystacinus;Leptodactylus mystacinus;Leptodactylus mystacinus;Leptodactylus mystacinus;Leptodactylus latrans;Leptodactylus latrans;Leptodactylus latrans;Leptodactylus latrans;Leptodactylus latrans;Leptodactylus latrans;Leptodactylus latrans;Leptodactylus latrans;Leptodactylus podicipinus;Limnomedusa macroglossa;Limnomedusa macroglossa;Lysapsus limellum;Melanophryniscus atroluteus;Melanophryniscus atroluteus;Melanophryniscus atroluteus;Melanophryniscus atroluteus;Odontophrynus americanus;Odontophrynus americanus;Odontophrynus americanus;Physalaemus biligonigerus;Physalaemus biligonigerus;Physalaemus riograndensis;Physalaemus riograndensis;Physalaemus riograndensis;Physalaemus riograndensis;Pseudis minuta;Pseudis minuta;Pseudis minuta;Pseudis minuta;Pseudopaludicola falcipes;Pseudopaludicola falcipes;Pseudopaludicola falcipes;Pseudopaludicola falcipes;Pseudopaludicola falcipes;Pseudopaludicola falcipes;Ololygon berthae;Ololygon berthae;Ololygon berthae;Scinax fuscovarius;Scinax granulatus;Scinax granulatus;Scinax nasicus;Scinax nasicus;Scinax nasicus;Scinax squalirostris;Scinax squalirostris;Scinax squalirostris;Scinax squalirostris;Leptodactylus latinasus;Limnomedusa macroglossa;Pseudopaludicola falcipes;Scinax squalirostris","0","0","0","0",0,1922.51199722812
Grid82,2,"2","Leptodactylus latinasus;Physalaemus biligonigerus","0","0","0","0",0,2500.00000000008
Grid83,2,"2","Boana pulchella;Physalaemus biligonigerus","0","0","0","0",0,2499.99999999997
Grid84,58,"18","Rhinella dorbignyi;Rhinella diptycha;Elachistocleis bicolor;Pseudopaludicola falcipes;Boana pulchella;Boana pulchella;Boana pulchella;Boana pulchella;Leptodactylus latinasus;Leptodactylus latinasus;Leptodactylus latinasus;Leptodactylus latinasus;Leptodactylus mystacinus;Leptodactylus mystacinus;Leptodactylus mystacinus;Leptodactylus latrans;Leptodactylus latrans;Leptodactylus latrans;Limnomedusa macroglossa;Odontophrynus americanus;Odontophrynus americanus;Odontophrynus americanus;Physalaemus biligonigerus;Physalaemus biligonigerus;Melanophryniscus devincenzii;Pseudis minuta;Pseudis minuta;Leptodactylus latinasus;Leptodactylus latrans;Pseudis minuta;Pseudopaludicola falcipes;Scinax fuscovarius;Scinax granulatus;Boana pulchella;Limnomedusa macroglossa;Phyllomedusa iheringii;Physalaemus biligonigerus;Pseudopaludicola falcipes;Pseudopaludicola falcipes;Pseudopaludicola falcipes;Leptodactylus latrans;Boana pulchella;Scinax granulatus;Leptodactylus latinasus;Leptodactylus latrans;Boana pulchella;Leptodactylus latrans;Pseudis minuta;Pseudopaludicola falcipes;Leptodactylus furnarius;Odontophrynus americanus;Pseudopaludicola falcipes;Scinax fuscovarius;Scinax squalirostris;Leptodactylus latrans;Pseudis minuta;Pseudopaludicola falcipes;Pseudopaludicola falcipes","0","1","0","1",0.0172413793103448,2112.49909206411
Grid85,159,"30","Boana pulchella;Leptodactylus latrans;Pseudis minuta;Dendropsophus sanborni;Leptodactylus mystacinus;Leptodactylus gracilis;Pseudopaludicola falcipes;Physalaemus henselii;Elachistocleis bicolor;Boana pulchella;Leptodactylus furnarius;Leptodactylus gracilis;Leptodactylus latinasus;Leptodactylus mystacinus;Leptodactylus latrans;Melanophryniscus sanmartini;Odontophrynus americanus;Physalaemus biligonigerus;Physalaemus riograndensis;Pseudis minuta;Pseudopaludicola falcipes;Elachistocleis bicolor;Boana albopunctata;Boana pulchella;Julianus uruguayus;Leptodactylus furnarius;Leptodactylus gracilis;Leptodactylus latinasus;Leptodactylus mystacinus;Leptodactylus latrans;Odontophrynus americanus;Phyllomedusa iheringii;Physalaemus biligonigerus;Physalaemus henselii;Physalaemus riograndensis;Pseudis minuta;Pseudopaludicola falcipes;Scinax fuscovarius;Scinax granulatus;Scinax squalirostris;Melanophryniscus sanmartini;Pseudis minuta;Leptodactylus mystacinus;Odontophrynus americanus;Physalaemus biligonigerus;Pseudopaludicola falcipes;Boana pulchella;Pseudis minuta;Pseudopaludicola falcipes;Physalaemus gracilis;Dendropsophus sanborni;Dendropsophus sanborni;Dendropsophus sanborni;Dendropsophus sanborni;Elachistocleis bicolor;Elachistocleis bicolor;Boana pulchella;Boana pulchella;Boana pulchella;Boana pulchella;Boana pulchella;Boana pulchella;Boana pulchella;Boana pulchella;Leptodactylus gracilis;Leptodactylus gracilis;Leptodactylus gracilis;Leptodactylus gracilis;Leptodactylus latinasus;Leptodactylus latinasus;Leptodactylus latinasus;Leptodactylus latinasus;Leptodactylus latinasus;Leptodactylus latrans;Leptodactylus latrans;Leptodactylus latrans;Leptodactylus latrans;Leptodactylus latrans;Leptodactylus latrans;Leptodactylus mystacinus;Limnomedusa macroglossa;Limnomedusa macroglossa;Limnomedusa macroglossa;Melanophryniscus atroluteus;Melanophryniscus atroluteus;Melanophryniscus atroluteus;Melanophryniscus atroluteus;Melanophryniscus atroluteus;Melanophryniscus atroluteus;Melanophryniscus atroluteus;Melanophryniscus atroluteus;Melanophryniscus devincenzii;Melanophryniscus devincenzii;Melanophryniscus devincenzii;Melanophryniscus devincenzii;Odontophrynus americanus;Odontophrynus americanus;Odontophrynus americanus;Odontophrynus americanus;Odontophrynus americanus;Odontophrynus americanus;Odontophrynus americanus;Phyllomedusa iheringii;Phyllomedusa iheringii;Physalaemus biligonigerus;Physalaemus biligonigerus;Physalaemus biligonigerus;Physalaemus cuvieri;Physalaemus henselii;Pseudis minuta;Pseudis minuta;Pseudis minuta;Pseudis minuta;Pseudis minuta;Pseudis minuta;Pseudis minuta;Pseudis minuta;Pseudis minuta;Pseudis minuta;Pseudopaludicola falcipes;Pseudopaludicola falcipes;Pseudopaludicola falcipes;Pseudopaludicola falcipes;Pseudopaludicola falcipes;Pseudopaludicola falcipes;Pseudopaludicola falcipes;Pseudopaludicola falcipes;Pseudopaludicola falcipes;Pseudopaludicola falcipes;Rhinella achavali;Rhinella achavali;Rhinella achavali;Rhinella fernandezae;Rhinella fernandezae;Rhinella fernandezae;Rhinella diptycha;Scinax fuscovarius;Scinax fuscovarius;Scinax fuscovarius;Scinax fuscovarius;Scinax fuscovarius;Scinax fuscovarius;Scinax fuscovarius;Scinax fuscovarius;Scinax granulatus;Scinax granulatus;Scinax granulatus;Scinax granulatus;Scinax granulatus;Scinax squalirostris;Scinax squalirostris;Scinax squalirostris;Scinax squalirostris;Scinax squalirostris;Scinax squalirostris;Melanophryniscus langonei;Odontophrynus americanus;Pseudis minuta;Pseudis minuta","1","4","0","5",0.0314465408805031,1208.12554648891
Grid86,0,"0",NA,"0","0","0","0",0,10.6156759855994
Grid87,48,"22","Rhinella dorbignyi;Rhinella dorbignyi;Rhinella diptycha;Rhinella diptycha;Rhinella diptycha;Rhinella diptycha;Dendropsophus nanus;Boana pulchella;Boana pulchella;Boana pulchella;Boana pulchella;Dendropsophus sanborni;Leptodactylus chaquensis;Leptodactylus gracilis;Leptodactylus latinasus;Leptodactylus latinasus;Leptodactylus latinasus;Leptodactylus latrans;Leptodactylus latrans;Leptodactylus latrans;Leptodactylus podicipinus;Limnomedusa macroglossa;Melanophryniscus atroluteus;Melanophryniscus atroluteus;Melanophryniscus atroluteus;Odontophrynus americanus;Physalaemus biligonigerus;Physalaemus riograndensis;Pseudis minuta;Pseudopaludicola falcipes;Pseudopaludicola falcipes;Pseudopaludicola falcipes;Scinax fuscovarius;Scinax granulatus;Scinax nasicus;Scinax nasicus;Dendropsophus nanus;Boana pulchella;Leptodactylus chaquensis;Leptodactylus gracilis;Leptodactylus latrans;Melanophryniscus atroluteus;Physalaemus gracilis;Pseudis minuta;Pseudopaludicola falcipes;Rhinella fernandezae;Rhinella diptycha;Scinax fuscovarius","0","0","0","0",0,1710.84234329461
Grid88,34,"14","Rhinella diptycha;Boana pulchella;Boana pulchella;Boana pulchella;Boana pulchella;Leptodactylus chaquensis;Leptodactylus chaquensis;Leptodactylus gracilis;Leptodactylus latinasus;Leptodactylus latinasus;Leptodactylus latinasus;Leptodactylus latinasus;Leptodactylus latrans;Leptodactylus latrans;Leptodactylus latrans;Leptodactylus latrans;Limnomedusa macroglossa;Limnomedusa macroglossa;Limnomedusa macroglossa;Melanophryniscus atroluteus;Melanophryniscus atroluteus;Odontophrynus americanus;Odontophrynus americanus;Odontophrynus americanus;Odontophrynus americanus;Pleurodema bibroni;Pseudis minuta;Pseudis minuta;Pseudopaludicola falcipes;Pseudopaludicola falcipes;Pseudopaludicola falcipes;Pseudopaludicola falcipes;Scinax fuscovarius;Scinax nasicus","0","0","0","0",0,2486.46574407768
Grid89,18,"11","Boana pulchella;Dendropsophus sanborni;Leptodactylus chaquensis;Leptodactylus gracilis;Leptodactylus latinasus;Leptodactylus latinasus;Leptodactylus latinasus;Leptodactylus latrans;Limnomedusa macroglossa;Melanophryniscus atroluteus;Pseudis minuta;Pseudopaludicola falcipes;Pseudopaludicola falcipes;Pseudopaludicola falcipes;Pseudopaludicola falcipes;Scinax fuscovarius;Boana pulchella;Limnomedusa macroglossa","0","0","0","0",0,2247.72816922191
Grid9,75,"20","Rhinella dorbignyi;Rhinella dorbignyi;Rhinella dorbignyi;Rhinella dorbignyi;Rhinella dorbignyi;Rhinella dorbignyi;Rhinella dorbignyi;Elachistocleis bicolor;Boana pulchella;Boana pulchella;Boana pulchella;Boana pulchella;Boana pulchella;Boana pulchella;Boana pulchella;Dendropsophus sanborni;Leptodactylus gracilis;Leptodactylus latinasus;Leptodactylus latinasus;Leptodactylus latinasus;Leptodactylus latinasus;Leptodactylus mystacinus;Leptodactylus mystacinus;Leptodactylus mystacinus;Leptodactylus mystacinus;Leptodactylus latrans;Leptodactylus latrans;Odontophrynus americanus;Odontophrynus americanus;Odontophrynus americanus;Odontophrynus americanus;Physalaemus gracilis;Physalaemus gracilis;Physalaemus gracilis;Physalaemus gracilis;Physalaemus gracilis;Physalaemus henselii;Pleurodema bibroni;Pleurodema bibroni;Pleurodema bibroni;Pleurodema bibroni;Pseudis minuta;Pseudis minuta;Pseudopaludicola falcipes;Pseudopaludicola falcipes;Ololygon berthae;Scinax granulatus;Scinax granulatus;Scinax granulatus;Scinax granulatus;Scinax granulatus;Scinax granulatus;Scinax granulatus;Scinax granulatus;Scinax granulatus;Scinax granulatus;Boana pulchella;Boana pulchella;Elachistocleis bicolor;Leptodactylus gracilis;Leptodactylus latinasus;Leptodactylus latrans;Leptodactylus mystacinus;Pseudis minuta;Pseudopaludicola falcipes;Rhinella arenarum;Scinax granulatus;Scinax squalirostris;Boana pulchella;Boana pulchella;Leptodactylus latrans;Pseudis minuta;Pseudis minuta;Rhinella fernandezae;Scinax nasicus","0","0","0","0",0,2497.22435825545
Grid90,0,"0",NA,"0","0","0","0",0,393.154953600672
Grid91,13,"12","Rhinella dorbignyi;Rhinella diptycha;Elachistocleis bicolor;Dendropsophus nanus;Boana pulchella;Leptodactylus latrans;Leptodactylus latrans;Limnomedusa macroglossa;Melanophryniscus atroluteus;Pseudis minuta;Scinax fuscovarius;Lysapsus limellum;Scinax squalirostris","0","0","0","0",0,63.4871468275923
Grid92,15,"13","Rhinella dorbignyi;Boana pulchella;Boana pulchella;Leptodactylus chaquensis;Leptodactylus latinasus;Leptodactylus mystacinus;Leptodactylus latrans;Limnomedusa macroglossa;Odontophrynus americanus;Pseudis minuta;Leptodactylus chaquensis;Leptodactylus gracilis;Lysapsus limellum;Pseudopaludicola falcipes;Scinax nasicus","0","0","0","0",0,506.225122920426
Grid93,10,"10","Rhinella diptycha;Boana pulchella;Leptodactylus chaquensis;Leptodactylus latinasus;Leptodactylus mystacinus;Leptodactylus latrans;Melanophryniscus atroluteus;Odontophrynus americanus;Pseudis minuta;Pseudopaludicola falcipes","0","0","0","0",0,374.411244454813
